name,baseMean,log2FoldChange,padj,detection_call,sample1,sample2,sample3
FGR,364.781009022,-2.3554014321589416,1.559228246108697e-4,1,191,47,76
KLHL13,1.772720046233568,0.8016921124659188,0.6652744239642954,0,325,116,82
CYP26B1,0.5709001705624442,-0.8262681865641929,0.6860984566124475,0,24,47,45
ARX,0.8482144660135855,1.3563951004188965,0.4915295396536242,0,114,70,55
CACNA1G,0.6628222938708647,-0.547349501106532,0.7971257262276272,0,8,48,46
TBXA2R,3.5847782928687306,-0.6857607941008073,0.6053170319970271,0,103,64,55
LGALS14,1.6913141324404442,3.3677269989935876,0.040491811468081826,0,225,70,74
ARSD,38.11178561605877,1.4122781842051173,0.02073680192339845,1,287,47,55
IL32,564.5350319972788,6.361751520689164,3.576798665352119e-20,1,87,8,19
SLC6A13,9.997937011284785,1.334770182164947,0.2197163971302105,0,8,48,46
HFE,88.50354241571425,2.9415034691235036,2.1166332249240697e-12,1,153,100,45
ZBTB32,1294.087048941498,0.5952206027825584,0.24578581790486617,1,24,47,45
MAMLD1,14.87140267929194,-0.436021013827606,0.7024511643706619,0,336,126,97
GPR124,1.6258391858751318,1.1395855116116855,0.5119655762614953,0,199,89,76
SLC7A9,1.0413541743089558,-0.6930352783262658,0.7287139750640109,0,30,47,45
HSD17B6,26.067342682379273,4.4978033671488165,1.307698670152724e-9,0,250,118,110
KCNG1,0.7317664217127084,-1.404728055718183,0.4691046718466312,0,98,47,45
PRKCH,39.888364173866,-2.1048844423539097,3.4899184257493066e-4,1,149,47,45
INSRR,0.6268994182559318,-2.912186517807174,0.10936204422797272,0,153,47,45
IKZF2,135.82209961215273,2.358750635279139,6.412166501006406e-13,1,401,171,136
USP2,2.2070055555512034,-1.7850265566469021,0.2240262852227686,0,350,108,102
TG,66.92937801913041,0.786831799983893,0.1302382228861072,0,114,83,45
ADAMTS6,180.8477557586322,-3.6294424667066956,1.531383639583076e-11,1,169,64,62
PER3,85.77723075272806,-0.6177475788729868,0.5379894056196783,1,215,100,83
LTBP1,5.965212603771969,0.46392051382190364,0.660713303508511,0,63,32,31
PTGER3,3.5268171798224555,-4.66667646228116,1.4865230509573368e-4,0,24,47,45
GALC,522.3155447043943,-0.6316292472908257,0.035177837720217826,1,364,133,45
MCOLN3,1.688997952268791,2.151116577610683,0.2108566277555609,0,260,47,45
LAMC2,0.5728496518305864,2.2992348016725455,0.21604976962931058,0,8,48,46
PRDM6,1.3801515991183306,-1.4355663660145987,0.40191844137238786,0,109,46,44
DGAT2,71.95269272937843,1.1526856368698233,0.06431972071786508,1,58,30,33
SPA17,20.34019387949644,2.168663047933936,4.6168777105245036e-4,0,345,121,99
GSTO2,25.032904853102295,-1.5846069435695311,5.273279329245377e-4,0,133,92,80
SEC61A2,371.37595734089,-1.6751154244070556,6.938704930669582e-7,1,356,174,138
ZMYND12,13.154501898144101,3.682631738896328,6.293972973744118e-4,0,133,89,55
NGEF,0.6956751551415455,-1.460673187169659,0.4550026614486118,0,24,47,45
PDZD4,2.047984198600858,-1.9032878551221746,0.23428301490545342,0,8,48,46
FGFR3,2.1447282933064438,-1.9005427327973428,0.17974999124216745,0,91,9,18
PLA2G10,8.237469972418086,-3.3104687123848886,6.032367566399069e-5,0,31,55,46
FRMPD1,2.018644581100505,-3.033938013794929,0.0341589818049398,0,94,55,46
CAMK2A,103.14705310824131,-10.815965497413758,6.387440319393857e-18,1,114,83,45
LMCD1,35.66934226439078,4.746074807053158,5.877563743833166e-17,1,24,47,45
ACTN1,116.51257403390957,2.886199246004711,7.538085674754145e-7,1,68,18,21
NOTCH3,0.7035853896964204,-1.27243328251541,0.47265235521721183,0,30,47,45
ZNF532,1278.0280967933888,-1.2198342164744622,1.7241140087309482e-5,1,410,122,55
IPCEF1,32.716727996713495,1.0018971322776922,0.2623931918269181,1,188,47,55
SLC12A1,1.8651563212335345,-1.3365346242678333,0.2979358611424625,0,8,48,46
MOCOS,19.32360156096496,2.400947694339557,0.016323775663573823,0,98,64,45
ACTN2,0.8311415810445786,3.642462876064116,0.03898403807840347,0,31,55,56
FKBP6,15.359009670449026,-1.711290418751098,0.0037291641778506865,0,8,48,46
EDN1,16.870602640538674,-5.01563909657707,3.9946699919907975e-9,0,25,55,56
CLUL1,2.2527378912443723,3.5023142323487284,0.015339730771393065,0,114,70,45
CDH17,19.076206016298862,6.820667342937929,4.5374045185844606e-7,1,86,14,20
SLC1A3,1.702870714693192,2.6430966094175083,0.11517682464455198,0,137,70,45
CHRNA3,2.580544020718412,-0.014314328639858992,0.9968832356631431,0,249,107,90
DLGAP4,656.2508821646921,-1.2380411046975621,4.725219858021263e-5,1,59,38,37
SMARCD3,26.636875579989333,0.10834672972665299,0.9057284737484971,0,142,95,82
MPP4,0.6617299042813235,-0.11539624801476245,0.9625792153143894,0,8,48,46
COL19A1,286.6913498686528,-3.167616893103445,1.976706956383732e-14,1,261,55,56
EPB41L3,1.6773131708300761,-2.2333800471868837,0.1378366653732875,0,383,152,45
SNX10,543.8360191040763,0.6246824298329453,0.11681521370266913,1,368,157,130
HSD17B14,23.472494786528486,-1.864483712536595,0.04749052808244262,0,170,83,83
ACHE,1.0257326440758432,-0.59338669479004,0.7654671667445259,0,98,47,45
CETP,12.3918662758972,-1.6975860316014784,0.019155765342250542,0,8,48,46
GNAO1,29.381098217985624,-2.914340182976615,0.004233255621828537,1,248,55,46
NID2,120.23936778556121,-2.8423410209030924,1.4364430114099357e-8,1,133,92,55
PTHLH,0.8124430062847448,1.5348258901963547,0.4273313961733675,0,98,70,45
CASS4,9.970235823458452,-1.656036289623219,0.06128255108399803,0,24,47,45
ASAP3,64.66861333490112,-4.101016675188405,1.8842760229299275e-12,1,142,83,62
C20orf194,126.8313855943028,-1.4962009927741742,0.0031029774753606595,1,170,70,76
CHGB,0.4434911362934606,0.39664641380267923,0.8551562614779673,0,226,46,44
LAG3,66.20390986999519,-1.0771368027236494,0.24431292372535177,0,8,48,46
IRAK3,30.271035316436386,-2.1584837038948237,0.01946372747711931,1,158,92,45
SLC26A4,107.38273636474376,5.101472323146324,1.9414852909549385e-33,1,126,92,74
SLC26A3,0.942449309582237,0.5518831538295124,0.7772779665995838,0,25,55,46
ESR1,307.7120231930785,0.4172384066540663,0.17070581923800404,1,389,168,105
JPH4,1.0620056687784407,-0.24912883861064672,0.9062022193940164,0,26,47,45
TLL2,24.760570891250097,0.6248623034701923,0.3539205294485014,0,155,94,45
MYO3A,1.556907700776633,-4.575764122065562,0.007758595298115403,0,315,47,45
PRTFDC1,20.056455533374937,1.9672466748412405,0.047039419738514505,0,349,89,76
TSPAN15,1.9944896611980216,0.3505971331833308,0.8516018282571558,0,207,64,74
MADCAM1,1.8405805299521343,-0.13482791529509316,0.9391499475601401,0,8,48,46
CECR2,9.90017967990773,-0.9760313312189106,0.40819130865058684,0,407,127,45
OSM,50.96817981322319,0.22759432711540153,0.7722052937558808,1,184,47,74
PRODH,0.8602409141505875,-1.5657134842373264,0.41648338518103206,0,219,47,55
SLC35E4,41.70585172967717,1.4885822864176586,0.0733568876249202,0,172,92,62
TTC28,44.99958463581041,-2.8196556202069263,0.0027957351809609556,1,168,102,74
IL2RB,2066.2876891495034,5.334301037495972,1.4190196315451158e-20,1,257,47,82
COCH,359.21802458768553,1.8664604939294003,9.357210902674105e-11,1,351,153,108
RIN3,684.9322078847953,-2.1326183778494694,1.994184024094607e-6,1,363,107,103
REC8,618.1439920620702,-0.44825440217374396,0.46234249424887125,1,165,93,86
MMP9,0.6583442684965228,-3.6482605795909855,0.040327593533074003,0,172,47,45
SGK2,6.150174153951115,-2.5438271701993207,0.004649177709593356,0,25,55,46
SALL4,3.3832173706180204,-3.771046493756879,9.040844245247935e-4,0,110,47,55
COL20A1,1.5003396596279919,-1.768555869413733,0.272404360537052,0,8,48,46
NOL4,0.7987438153530061,0.5311529976094019,0.8046944501544837,0,30,47,45
MCF2,19.13274968393087,-1.6381488639615056,0.02625804236541093,0,150,64,62
ZDHHC15,2.7959235948939596,0.20561680073077168,0.8811838374807964,0,122,47,45
TAF7L,3.2559341600504794,0.6330102993792274,0.6191208057893287,0,136,55,56
BEX4,303.4241966298517,-2.1266611861604843,3.3151573516022854e-7,1,209,123,45
OLFM4,0.9343676122305671,0.1394763184937777,0.9495162347972111,0,122,47,45
PLLP,0.6752894871020403,0.9394057072845086,0.6381787205721254,0,114,64,45
FA2H,183.41644581465326,-0.9574209779375875,0.04835928391615332,1,131,94,80
AP3B2,1.6745787715958975,-2.147169684798813,0.1769608938262197,0,115,54,49
ACSBG1,26.972248672769712,-2.287496922846716,9.229668938775155e-5,0,110,70,62
CTSH,9463.767622501904,2.48045883905372,1.1375593122440403e-17,1,388,139,125
TRPA1,1.1236654075117642,1.8349023021434254,0.27549743494904,0,8,48,46
KLHDC4,1056.8769566587812,0.9361917685089529,0.0054807764911359415,1,406,182,148
LHB,1.5113968555273258,0.28767505948276373,0.8776194437025235,0,24,47,45
CKM,1.413778922968539,-2.636822760996903,0.09891941833618144,0,8,48,46
KIR3DX1,43.53784491357029,3.4837695612435877,2.631758391415895e-6,1,150,83,45
EPHX3,1.238666197291005,-0.8182119194675078,0.625968881044061,0,94,55,56
SYDE1,0.7642648496017773,-2.755593653139753,0.12583396061094929,0,8,48,46
ANKRD27,694.1995897429114,1.3417735281771765,6.460028954619739e-5,1,85,75,66
FSD1,11.446866790433594,3.9175659475236175,9.593945561726016e-6,0,133,47,62
CLIP3,29.446861526715644,1.351662077385623,0.04320289251081514,0,193,104,91
PTPRS,96.02095581649071,-2.566544234504291,8.176746841266742e-7,1,76,3,12
TFPT,299.2941794984914,1.0936421053126286,8.639503428936575e-4,1,317,172,141
ATP4A,0.7544748424804208,1.9764793986980216,0.27819097054398934,0,24,47,45
SCN1B,9.260513010294332,-3.7917568002494906,3.7192735487867996e-05,0,126,47,45
PBX4,57.92703666626404,-1.3455957314270452,0.06833839712935741,1,30,47,45
C7orf63,3.0606228238142332,-0.1605656083355663,0.9270137279339216,0,110,64,55
HOXA1,14.803708195067438,1.1640784846625547,0.14500842883402165,0,256,99,45
HOXA3,2.2508605323647464,-1.8637115017278543,0.146548501817852,0,142,47,45
HOXA5,0.9680753755526184,-0.3966155935145484,0.8490783320894982,0,167,45,43
ANKRD7,4.704875687128334,2.6704788923041445,0.021947506734904462,0,153,47,55
CPVL,4.671719027097117,-0.7073963325667465,0.5452977348777158,0,47,3,4
GRB10,8.209178233825593,4.703842795479126,4.237233334259994e-5,0,296,107,45
FAM188B,3.4287399262553717,0.09424461493407885,0.9594684369013786,0,300,149,118
SPATA6L,6.878191463092755,0.06438079973317301,0.9547884423639598,0,141,70,74
CORO2A,88.55369671942789,0.5172953709027086,0.7193604318073382,1,197,92,74
SUSD1,67.1839416830913,0.44003208507163494,0.3949294401344196,1,311,118,91
AMBP,0.8321992042388464,2.290696213195835,0.2056683466296372,0,24,47,45
TNFSF8,206.5260864796921,-0.8709574713777039,0.33260018888950343,0,133,70,74
GATA3,37.637426116650225,-0.22147859557721994,0.8523471421178598,0,211,94,45
CUBN,78.89097673278468,-4.023368925136852,1.118685877103507e-18,1,184,99,55
ACTA2,67.64124141545486,-0.015966108166037225,0.9874866382463641,1,212,73,74
EBF3,8.320943723557786,-5.859585486642649,5.038452976803263e-8,0,147,46,44
RAD51C,523.1983790174123,4.20179960453475,1.735440538309289e-38,1,48,42,40
RASD1,5.999266667408031,-3.700071666243644,2.4089326436622897e-4,0,24,47,45
RND2,1.4071705607978364,-2.4629341443896795,0.11755784759998636,0,109,63,44
HLF,3.22490416112895,-1.8939606534791609,0.09177295343157026,0,242,132,108
RAB34,191.1227714924506,-0.12342341071752548,0.8966039479839683,1,31,55,56
MAPK10,2.110888848781314,-2.783313302157277,0.04335012730883752,0,138,55,73
CRTAM,1.9452809627787853,-0.4760812441675888,0.745024962358368,0,8,48,46
ST3GAL4,49.73161411697639,2.3842275829912176,3.592645624435155e-5,1,312,161,128
KIAA1549L,0.9101791570779231,2.231993491926525,0.2135530120331335,0,84,16,4
C11orf21,138.50818225057174,-1.4687266070835672,0.017275240571415086,1,31,55,46
SOX6,25.806758964518714,-3.021570923078726,1.6665163916006887e-5,0,104,55,46
SLC6A12,1.1648652200595235,1.0238666737288737,0.5995021815685432,0,8,48,46
GSG1,9.637485366842906,5.1289506514532,1.0201287073650998e-6,0,8,48,46
GPR133,1.3683324142003541,-0.1864178397651899,0.9292164021346211,0,24,47,45
COL12A1,0.6403485852013335,-1.1850849885628116,0.5500237043117531,0,107,55,63
MDGA1,321.65132561858024,-2.0295589733669512,8.870922444328433e-6,1,217,63,44
GLP1R,0.8564095399430606,-2.5299093107980752,0.16225913170153217,0,24,47,45
COL9A1,1.7877769537671986,-2.583479589440161,0.06327104661390745,0,8,48,46
VNN2,215.0948980629791,-0.2988729010623454,0.7238204125775373,1,117,55,46
SOBP,12.991912044408677,1.8866014956225174,0.007593464660443669,0,282,135,113
PACRG,1.930452018683306,-2.4718492537221666,0.13728959996991283,0,99,53,46
GUCA1B,46.05720874914411,-2.425777459578157,1.3012750476816813e-5,1,162,64,62
PTK7,0.6466306201876041,-2.292670678100671,0.21977625224375705,0,30,47,45
GZMK,1.3375269248431703,-2.5900010897953627,0.1610085953958114,0,152,47,45
PCDHB15,0.44893684407107043,-2.204031794747966,0.24015739004713324,0,24,47,45
RNF130,154.76142463716806,-1.7201432196040596,0.0019358288875389825,1,354,70,82
THBS4,13.023749382478643,0.7970953902086058,0.49978861105764805,0,142,70,55
HGD,27.087038543206777,-3.9319056013627214,1.5174594712556518e-11,1,24,47,45
WNT5A,22.146255051299168,1.85288486940233,0.11263348443618516,0,372,108,102
HHLA2,232.61268270315452,3.972584299646308,7.078907535851054e-8,1,98,47,55
STAT1,18278.05533924633,1.3529772499488737,7.193401895922763e-4,1,89,78,69
DNAH6,17.763379313018234,0.35211300268625184,0.7973824280335711,0,265,118,74
KCNJ13,10.769445003976692,-7.410187567716924,6.507576816181965e-9,0,98,47,55
CHST10,299.3705737745848,-1.8199624301400186,1.4871616046060051e-5,1,346,89,45
RMDN2,60.28198880903388,-0.7477838321553252,0.09613730286147493,1,225,100,80
EPHA4,165.1889154181251,-1.0901285526766662,0.11219560041008671,1,103,64,55
MARK1,62.2778575914644,2.300085728433878,0.003473038112155967,1,46,21,16
PAPPA2,3.098007435812875,-0.6907960777602734,0.6529569719030962,0,93,47,45
ANGPTL1,48.57344991112592,-5.837600569066816,3.085576165205379e-18,1,24,47,45
RHOU,69.01417085016197,4.1452613518704515,7.396219813771928e-13,1,293,104,87
PRG4,4.824097920756362,-3.3662167122829034,0.0022883723026009095,0,112,47,60
NR5A2,1.0480953481058342,0.30725033061342166,0.8768806135456212,0,137,47,55
CCDC181,2.82114946975567,2.4492762832631194,0.11828896625701767,0,184,98,45
MROH9,1.051515867194227,-3.9092950329540384,0.02230356002928646,0,8,48,46
FILIP1,8.12389738162224,0.5086332577500348,0.7200387153568084,0,103,70,55
CNR1,105.68623116612756,-3.594202835076133,5.166127884523654e-8,1,408,132,116
PLAGL1,175.51998172996468,-1.976003086545286,3.2041249551200973e-9,1,348,100,45
SLC16A7,363.6575403445688,1.0737192858540339,0.007389757216579631,1,74,44,42
TRIM67,4.6431265107084,-1.1237930928860012,0.3012712120898888,0,31,55,46
NR4A3,910.0425612020618,-7.960298065267279,7.926426681166134e-101,1,107,55,63
ONECUT2,1.0182264686852383,2.4819912687446344,0.15056419815061753,0,72,4,8
PGF,11.714259829821273,1.2047905984502938,0.10461222522182746,0,8,48,46
FLVCR2,13.957948677498035,1.371925593041123,0.07070025035653843,0,158,64,45
GPR68,58.41373258060097,1.3025542156449996,0.011124140194724191,1,273,104,55
ESRRB,6.969254994102196,-1.9544191984843584,0.03681227656458757,0,114,47,45
TEK,0.7267977531429674,-2.9263289076055017,0.10647718275595786,0,8,48,46
CCDC170,0.4459304575374777,-1.8327069165857108,0.33881887033989233,0,157,47,62
IQSEC3,1.252951693729327,-2.1762187913741635,0.2341087753970121,0,251,98,45
ZFP30,212.8536932745178,-0.286298330349261,0.47104675916274336,1,307,47,45
TSHZ3,0.5440372453379511,-0.5547574644901974,0.7967779823381815,0,381,55,56
LHX4,78.42266290158628,0.15322431277385284,0.8590348353731109,1,158,105,94
CD80,455.42173159501635,0.28340472289139695,0.7289526234273915,1,103,64,45
GJB6,1.6487766893319433,3.5786777952188613,0.020924367390398633,0,106,47,45
GJA3,6.527293555874138,2.6742950579292435,0.008104055256880242,0,127,55,46
HPCA,0.6324486499469479,0.7327920917698472,0.7142180089255752,0,25,55,56
XPNPEP2,3.871623120528874,-1.3207790055024955,0.2825013442894397,0,8,48,46
PLG,4.934251159502058,3.338252320276727,0.004300818878155216,0,93,47,45
OCM,1.2222305533097717,-4.408461635685816,0.008144966384870923,0,8,48,46
CNTFR,0.4468880885872673,-1.8602335592916477,0.30511274082950257,0,8,48,46
HVCN1,486.5648999950085,-1.337709016169867,0.0761637143024039,1,322,132,78
CDKN2C,716.2260180711223,3.721043845459679,2.2093993498194422e-9,1,70,2,2
NECAB1,10.723317861692431,-0.4434109981867425,0.6608426549935035,0,292,47,82
ATP7B,32.480099277242864,3.724473974229684,1.000621393591242e-7,0,341,130,115
ITIH5,1.013558174955301,0.5085792388279663,0.8125304953756869,0,24,47,45
PLP1,0.47340286500288237,-1.0419148118751875,0.6060061309140174,0,8,48,46
RAB38,13.332442404909656,1.9529471445770652,0.04428488215046031,0,148,104,93
FAM209A,51.06195077856,-4.123870641051283,9.708488124622792e-13,1,99,55,46
SLPI,7.7116752040147585,3.814148361120318,7.806639388209589e-4,0,30,47,45
KCNS1,7.079001341185988,1.330703518980086,0.08638023553655218,0,177,113,45
SLC12A5,2.8941954161785115,-0.6864158031634165,0.5896297621521107,0,113,55,63
VAMP7,1874.8046602922227,0.3567391453010895,0.2611575767580568,1,24,47,45
OR2B6,11.241611129887795,3.4939737645639135,0.003546206453294141,0,30,47,45
DOK4,41.80504755678226,1.733910992023347,0.0018903326586622565,0,405,141,82
SOX9,0.7807009881622358,-3.058288726775659,0.09229994308211145,0,357,64,93
HS3ST3B1,14.070472354705924,-1.7462416163323187,0.022158972330410073,0,158,47,45
BARHL1,0.7033205652706894,-3.4291332813997157,0.05433002006872668,0,8,48,46
TMEM74B,6.80057894565495,-0.47437957645132667,0.6422119353529834,0,257,70,45
ARMCX5,252.0745053614279,-0.7062911182599485,0.015281875350948463,1,270,116,80
ID1,69.99416381199275,-4.9327419862529025,6.263381133033711e-17,1,371,156,126
CCR7,827.6968867065863,-2.6472971521985635,9.353203367772923e-8,1,141,47,45
CFP,17.382604779669904,-1.6820718898285683,0.017164347240610802,0,117,55,46
NXF5,1.3023000780972998,-2.34627670408563,0.16571318877100372,0,30,64,45
IL22,3.6839207310470212,-5.172646127863031,3.293973800521887e-4,0,8,48,46
WFIKKN1,2.3108938681881575,-0.9404031762125803,0.4691758693475813,0,24,47,45
IL17B,1.7709694721625262,0.16985066052836686,0.930960718335411,0,8,48,46
TNFRSF19,0.9906508491567045,2.417242523681776,0.19177493760826805,0,131,64,62
ZNF835,18.778116442358698,2.8358304710129176,2.1122799473836492e-4,0,242,47,45
LRFN1,21.890216353880263,-0.6191058875558184,0.3524977189831791,0,377,127,129
C22orf24,9.55708635538617,-2.0094927102057714,0.0057869612175220865,0,30,47,45
A4GALT,17.47972074624789,2.017855824877145,0.05419984061783503,0,284,70,91
KCNC1,2.0839130142202986,-2.1293329226497857,0.12569023392736006,0,8,48,46
TPH1,32.1527428794864,-2.3033585615079324,9.119402997667113e-6,1,110,70,74
SHBG,7.147729314609438,-2.2752224631348357,0.060687629425646025,0,156,46,44
ADCY4,56.874854302851595,-4.7987908327080255,1.8693036637718811e-16,1,8,48,46
AJUBA,8.492882908011271,1.231180368534098,0.17087079031684765,0,177,104,96
CDO1,1.5303587681379507,-2.038215013264159,0.16718697067600471,0,8,48,46
FOXJ1,4.2651380859265275,-0.7610190241212605,0.571202268358146,0,8,48,46
GALNT8,9.615708283754023,-2.7340284642205086,0.002000727930277149,0,106,64,55
KCNA5,2.0137978116517377,-0.9671345130878022,0.57983806595431,0,8,48,46
APOE,20.22840408182736,-5.06815766723296,1.600721088296819e-14,1,25,55,46
APOC1,4.799190448920548,3.4844324224103618,0.003102218739113753,0,153,64,45
GADD45G,5.712453651360487,-1.3642621729764906,0.2894672598099293,0,280,94,82
NCAN,1.5746837403074163,0.8901678674891594,0.5695701362677374,0,172,47,62
PLVAP,5.16890892905679,-2.845026779823285,0.0750717341227015,0,30,47,45
USHBP1,11.081961119934803,-0.03064321312246664,0.980607047813739,0,8,48,46
ACSBG2,2.2779573029826117,1.4495679599427005,0.2797665317243544,0,31,55,46
SAG,5.213509295996994,-3.9523836639780705,7.878553350278494e-5,0,24,47,45
CALY,3.14579959496058,-6.253657360006547,3.565205464517437e-5,0,8,48,46
PAK4,214.5206051321192,0.28208908843074565,0.6145240567043428,1,397,180,146
CCDC62,26.400919740884966,-4.200551033789691,7.325793829347606e-13,1,158,47,62
PNCK,3.96732059229462,-4.328970429642637,1.90074839007242e-4,0,24,47,45
AKAP12,3.4802472987355424,0.9468952439633092,0.4606644579894226,0,238,47,74
ULBP3,10.438135865929633,1.9041421217185635,0.01564837267321165,0,157,89,45
CCL25,71.51983298136001,1.3861933804474527,0.29214520535747107,0,8,48,46
NAPSB,384.9085600183007,-2.845081793049939,1.3836512387870583e-8,1,8,48,46
IL13RA1,171.99295527746585,-2.9748007993472454,3.0517616390252233e-7,1,342,135,120
ZSCAN5A,87.7593056416115,2.7914008805538764,7.660525102723659e-12,1,330,158,135
LHX1,0.5761295204149053,1.648949452140692,0.3829030814509402,0,24,47,45
REEP2,3.9447025743903397,2.042307234632703,0.09851027891492055,0,146,92,45
MTSS1L,37.76385275553564,-7.892356920906799,3.924684426551878e-17,1,340,98,82
SNAP25,2.250572056385355,-1.1830500032562654,0.42757480255853736,0,172,47,45
NES,33.36826975363488,2.007057215225048,0.17646421364568485,0,83,13,13
FCRL2,1065.3060742460507,-1.7750783268320574,0.00368001866822885,1,107,55,56
PDE6A,1.5420588235563861,0.4384719767320888,0.8076453840078954,0,99,55,56
RNF17,2.194976725094726,0.4777954012482502,0.8015594122461862,0,126,47,45
CHIT1,151.18899465658276,-0.23177502541997924,0.7762291498123031,0,144,95,45
CCNA1,19.766697974194862,7.809586257195677,5.260237513240364e-10,1,146,47,45
GSTM3,72.15774488973172,3.2159644988589227,0.011826849057913764,1,241,55,46
CMPK2,1463.3528841497914,-1.6367628174321531,0.01507707252446821,0,131,94,45
CRB1,1.620126713716874,-2.1611952957758147,0.16304886951926764,0,24,47,45
PIWIL4,10.026057634545088,-4.358941997625387,1.556052450572025e-5,0,106,64,45
DAGLA,0.5810040344390557,3.200205515910539,0.07426169730566494,0,8,48,46
DZIP1,2.70341595403985,4.176551256704031,0.003810118310155416,0,234,110,45
CCNJL,0.5933804186992541,-2.0858640794887418,0.27000849484183165,0,230,55,79
SDS,1.1773939526705357,-2.45133458961863,0.12517346630688184,0,8,48,46
HNF1A,15.988213840019403,1.0993076701628843,0.11107838236148461,0,176,98,82
CCDC146,93.9393148198622,-2.12175150493179,4.4214751005600003e-4,1,153,105,93
LMO2,18.325393379795095,1.616899732072903,0.011129665267246801,0,24,47,45
MPHOSPH6,450.0810201613057,3.384515466764014,1.255453928334712e-23,1,413,184,150
EDAR,0.7255411437752862,-1.1794890311396347,0.5465582880424477,0,30,47,45
STAB2,3.8555021982931263,0.7932253707158797,0.6008387655963826,0,94,55,46
USP44,25.48602626057303,-1.8879222353888019,0.0049388492724561864,1,176,95,45
THSD1,56.43730711622835,-1.8066797870894868,1.0799126264257097e-4,1,211,106,55
LRCH1,874.9380275323616,-1.2344994513907188,0.0030983513389650124,1,37,41,39
SPRY2,14.102494506196917,-5.740703671805693,1.9446163763856216e-6,0,239,103,55
EDNRB,28.891097254039288,-1.7467655452935216,0.23033507717594018,0,81,3,4
SCRN1,3285.4778007774585,-1.0729809056004338,0.009768027451734825,1,389,155,134
NACAD,3.835006130704215,-0.1386007400435853,0.925885301675838,0,122,47,55
ZFHX2,37.96868656610953,1.503685500187082,0.020344206284492444,0,146,84,45
TM6SF1,67.2380048160226,4.965153109325721,3.8754563237288587e-16,1,318,106,76
MYCBPAP,27.42528659614377,2.1932693261209737,0.001284075099330289,0,8,48,46
LIMD2,3573.114576550441,-2.0463223619952724,4.701214855607467e-10,1,41,20,23
TBR1,1.7658944542935533,-0.5708265097222874,0.7205781551811762,0,98,47,45
HLX,43.32670443781284,-0.6161404259684083,0.2327337350928433,1,190,116,45
DAB2IP,92.71350637589885,-0.43592865668218633,0.5016647905057269,0,309,145,45
SLC2A8,180.05587211689004,1.0184299005991193,0.0017213087309562287,1,54,31,28
ZFP37,47.13856238855249,0.9922247435898264,0.010048676181418982,1,215,105,98
BAAT,3.7604474782594717,0.25335851208218657,0.8441344852577617,0,109,63,44
WDR38,0.8876300716933311,1.779441109563036,0.3185507145944817,0,7,48,46
ENPP2,276.6558662183133,1.2965405980785123,0.1148850680715804,1,378,94,45
SIT1,524.8483624800086,1.2825514425427613,1.9213640626088792e-5,1,93,47,45
GCM1,40.202459951501226,-6.430029056625181,2.635469688344987e-20,1,93,47,45
C6orf52,21.75654160990184,3.9118031353579132,8.042167466400635e-5,0,174,83,82
PAQR5,0.5189967327721449,0.07001464842238352,0.9788355281220389,0,122,70,55
PLCB2,474.2599958100657,-3.132322685951972,3.01967741262005e-16,1,144,47,45
SLC28A2,2.3398032644427182,-2.363827631295683,0.15756706416236338,0,24,47,45
CYP19A1,2.3669017369477645,3.7254291275917435,0.010560714065914769,0,197,108,98
BCL2L10,8.909693833361823,-0.4881757102218955,0.5117719619107449,0,130,63,44
SPTBN5,205.6497164084602,-1.5331503779095847,0.04578009339154227,1,98,47,45
ARHGAP29,2.17580149714517,4.383263190706201,0.0050588486069366055,0,157,94,45
CYP1B1,28.71838934636487,4.154070841182835,2.0035471939384156e-13,1,316,116,76
AOX1,1.0982550355531355,3.232914296123036,0.05910588490349693,0,99,55,46
MSTN,3.1270846030143704,-1.7311204074091395,0.20415187373095361,0,93,47,45
MDH1B,7.802500588333824,5.251380938424,3.063229083098483e-5,0,155,83,55
APH1B,482.46016899933954,-1.1141980948239851,0.0013136958500751935,1,323,117,74
CDKL2,0.5919663917197789,1.9548225267903323,0.294648633257513,0,379,143,112
KIAA1644,0.8156983710717008,-3.541316550017296,0.047823016833158614,0,236,47,45
AMDHD1,25.043139837941094,1.5081605808003584,0.002977499696838902,0,244,105,100
ASCL1,6.920517163059192,0.20130495938950813,0.905701194973803,0,25,55,46
SLC39A5,2.7935040065062706,-1.180407971697143,0.3160347417950742,0,24,47,45
FITM1,8.86727723493557,-1.8524327738763453,0.021533532183449666,0,94,55,56
ADAM21,2.6944161362734937,-0.13161163379408,0.93211034409381055,0,103,70,45
ESR2,234.32620314045386,-3.7068211817639964,5.637691517285387e-13,1,172,95,55
HDC,1.2327013447150903,-4.040830210125551,0.019590084133583718,0,8,48,46
GCNT3,1.8970874932598925,-0.07346286994686967,0.9694852721541138,0,162,70,45
PSTPIP1,173.41075999150632,-0.5409663450319614,0.1450686700088346,1,106,64,45
LMAN1L,0.5258602358269449,-0.6273290183160192,0.7692099660127297,0,8,48,46
WDR93,1.023035271685676,0.40285957573243125,0.8348188346611236,0,24,47,45
ZFHX3,128.66887004763777,-0.21589214304624488,0.636017888779368,1,403,176,144
NUDT7,6.637250697181662,1.616711982310914,0.09018392456826023,0,313,133,91
MBTPS1,5363.633330618996,-1.1010051532191258,0.0031807695717570444,1,82,79,70
CDH13,1.7692576671129927,1.1173234042425377,0.45908324162039404,0,8,48,46
ZNF287,35.347596600084806,0.824914731806474,0.11660122547352711,1,160,47,55
ZNF750,1.659627314132372,0.4372205302076532,0.8192203056022062,0,8,48,46
FBXO15,6.070914706773012,-0.003985353948901361,1,0,106,83,45
PNMT,2.0617900475761064,-3.712491248345892,0.008757925747936282,0,30,47,45
CACNA1A,9.034556948821734,-2.9895095951200057,0.0015646752679335043,0,338,105,62
CIB3,0.8278602992802683,-1.4140414427900443,0.4585670464647528,0,8,48,46
COL6A2,4.1513681294076,-2.2771384529865926,0.22218220626202176,0,275,47,45
ADAMTS10,2.2171064662981856,-3.68372876787404,0.012315802533379328,0,141,47,55
SLC47A1,121.37436072539467,4.039715900961688,9.591420913529676e-8,0,56,2,17
SIGLEC10,148.68893223109313,-1.2517715063198094,5.639248612032538e-4,1,8,48,46
ACPT,8.913319661958628,-1.7302190625354235,0.012342707042635065,0,24,47,45
FNDC7,16.948461763643387,-4.214461017678455,2.600987167115245e-7,0,8,48,46
ADCY10,3.66897349704419,-0.07539571956691318,0.9688424575056205,0,94,55,46
PVRL4,2.6595360707341698,-1.269119882763882,0.31438923298003835,0,30,64,45
SNX27,602.4854591161843,1.0316177886384856,0.006843999681773656,1,75,76,67
HORMAD1,5.118832077775806,-3.652395728268895,0.0012400526438019084,0,24,47,45
FLG,3.26205952256914,3.243616384559127,0.049177700384402015,0,106,47,45
ACTA1,3.443259887221434,0.22927355871883998,0.8600836181280203,0,94,55,46
CNIH3,17.282623831923647,-0.2001105598491827,0.8336325120258574,0,240,92,94
DQX1,59.56553015980524,-0.03819187054137435,0.9600163583269197,0,123,55,56
THNSL2,8.452261547718905,-1.659744343712521,0.03569488688539068,0,245,109,45
ABCA12,1.4182148747150327,0.18218420310563635,0.9211795679623159,0,24,47,45
ESPNL,24.568077459193148,-5.7012737241985745,1.8233797603883057e-11,1,106,47,45
BOC,4.417185915934233,-1.9672097775815256,0.0730251801302877,0,8,48,46
CORIN,8.433739722162754,1.219189270417801,0.23774162954881317,0,126,94,80
GLRA3,15.253485540147398,-2.5389826286275503,0.020949912905796512,0,295,92,62
ROPN1L,3.9117089952424293,3.6916481198483138,0.004818966433904872,0,8,48,46
MEGF10,5.426967469673885,0.9169245385654389,0.44974699069651847,0,99,55,46
FAM50B,114.18983117455005,3.0568757738535255,2.1576107432255135e-10,1,275,125,76
PCDHB18,0.8714172787610415,-2.8729023026223963,0.10570900992976116,0,8,48,46
LINC00525,80.82921497526794,-2.092734994047051,0.14917469741106007,0,93,47,45
AGBL3,49.782201566537864,-0.3538202339529695,0.5220228128717007,0,153,99,82
LPAR4,0.594485530161249,2.406131606578078,0.18827814390257147,0,134,55,63
ZNF711,298.1995001949512,-2.791965221120136,3.3712242283171617e-9,1,404,173,45
ZNF185,73.94041433641529,0.8532325323963258,0.11007959352248486,1,218,116,102
RGS20,26.53356345038557,-0.7856250455154439,0.09294224335534446,0,334,115,45
SLC26A7,3.6218409341297972,-0.33468577591330867,0.8281409535173718,0,114,47,45
FAM83A,1.3593346724095774,-4.134107030315526,0.009953873823539084,0,8,48,46
CACNA1B,1.3315835927721118,-2.5483026575651055,0.1239747635359915,0,103,47,45
PROSER2,1.9740158656408393,1.3946307528815127,0.41496972924310505,0,8,48,46
TMEM236,4.366866238720056,-0.706044986765752,0.614363284966496,0,131,83,62
PLEKHS1,14.622675308482423,-3.4328940265472534,1.4925913165983844e-5,0,118,83,45
FEZ1,5.848918162143533,-0.30224622289855163,0.7851666070194615,0,172,98,45
CNBD2,2.5234315500912516,-0.18963678541178075,0.8898264289558258,0,110,47,55
MKX,18.477858198895973,6.141494412671684,5.882375656117594e-8,0,307,131,45
GPM6A,155.00267958991833,-3.8999535055472627,0.02575775823606288,1,93,47,45
CACNA1C,3.8999283010856374,-1.6125780818850914,0.15688321852210807,0,172,94,55
KCNA6,6.8365477482746195,3.015544578780538,0.0018373213231026929,0,144,95,45
ANK3,157.48978218435732,-3.1533641988483323,5.52077589355125e-6,1,79,23,32
RAD9B,34.92578755961848,1.1412904994278665,0.07790540898159418,1,106,89,76
DIP2C,53.43714998442914,-0.46907986234349913,0.5000938641899431,0,69,27,26
ADAMTS12,0.550891388676168,-0.2709019727408924,0.9014056124457422,0,98,47,55
BEND6,6.399518173939402,5.826438177456045,8.41282616382256e-6,0,307,147,127
GLT1D1,1.3324097517668387,-3.1107197906985453,0.05311700238251262,0,8,48,46
PTPN14,5.073148178026549,-0.6567491410475154,0.5608411708271601,0,245,115,74
TMEM163,45.48677429063129,-3.3060938232072457,1.7130651157109217e-6,1,93,64,55
POU4F1,11.024399161523014,1.8900821549533096,0.03088668085608898,0,334,142,105
KCNK13,3.7185068413890012,3.543099378051028,0.00716745192143957,0,333,64,45
FAM151B,11.747643587142111,-0.4088162425658932,0.6849730565223007,0,150,99,85
OLAH,15.74717211230967,7.232827792207444,6.2737986298552875e-9,0,93,47,45
SPARCL1,1.5543362069901523,1.2943113931956194,0.4170110374353462,0,181,47,74
HHEX,1005.1345679970963,-3.4268873829304254,8.812122829836927e-20,1,317,131,97
GRM1,1.195610309067257,0.3542029706303419,0.8472458349529743,0,107,55,56
RAB3C,2.5678951408639317,-1.8972060193226898,0.210536441571524,0,30,47,45
STK32B,1.0483476437233548,-1.7238047596061756,0.324441103201439,0,144,99,45
FBXO36,21.439458622829058,-0.2854043228883513,0.6668571583229278,0,199,104,93
HS3ST3A1,1.0860536599804713,-1.8764475328314147,0.22334609633961539,0,141,47,45
JPH3,13.068305667691703,-0.2527890108518074,0.7913908220860918,0,25,55,56
GPR15,2495.7000158197834,3.257067957936811,8.886729962656812e-4,1,8,48,46
ENPP3,1.7443040679525939,0.271886854374852,0.8750123102025152,0,94,55,56
DISP1,44.858116418232875,0.44523281947478044,0.5534341978650121,0,306,127,98
TDH,3.810968041930376,-2.9765078156074884,0.01685456779837254,0,25,55,46
GBP5,1586.676384248235,1.136949269454208,0.003224484078737203,1,24,47,45
MMP21,3.6425927395087165,-2.365724040869119,0.09241852485862923,0,8,48,46
MAGED4,25.938673487589263,-1.5094747499661907,0.3070895042761833,0,20,47,45
SORBS2,53.97409627010323,6.373503791342004,1.9858821890418612e-15,1,219,92,76
PSMA8,46.60250262394115,4.970318583222534,5.031688806183932e-11,0,209,47,74
CHODL,55.19561823306448,-0.3573354284761191,0.6140364099496698,0,184,105,74
JAM2,9.297158108128102,2.3916206085835454,0.017767166107078604,0,242,122,76
EPHB1,30.196463463893732,2.9834247534240386,5.129055341143882e-4,1,340,94,45
RSPH10B,13.431321725584542,-0.7332402869702036,0.3317250791115071,0,8,48,46
PTPRN2,64.86302399675535,0.7005229786148665,0.17666832642449617,1,392,89,74
LRGUK,14.647511009063168,-3.6096011913065382,1.114065336962561e-4,0,122,64,55
OTOA,2.0655675818682027,-1.7678733539208533,0.23388182727848922,0,25,55,56
AFF2,12.682301642205367,-2.51068573742154,0.029378952169793977,0,213,94,45
KIF5A,13.764137944755172,3.5024307977857645,2.916217192249523e-4,0,158,70,76
MAGEA8,0.8450747951751028,-1.0565456033288259,0.5658115760423602,0,30,47,45
CXCL13,1.8442421848128936,2.1950466788663645,0.1817778896183787,0,103,83,45
AQP7P3,2.4735247439454984,1.6722133168295779,0.3379704385590972,0,24,47,45
LHFPL4,0.5357812565874019,1.4403113728569623,0.46155042148705555,0,215,47,45
GHRL,17.628601036183753,-1.2778131709970333,0.10486755545138159,0,98,65,55
ARMC12,6.957706756639691,-3.0971418257267005,3.3617822739516885e-4,0,24,47,45
ST3GAL2,510.4445771223939,0.661826598430211,0.2575759548519745,1,40,35,36
DRC1,1.0298102005578877,-0.6450385038398719,0.714301217796833,0,30,47,45
MEGF11,3.8812008047883477,0.26102267309179067,0.8462621651846047,0,30,47,45
RADIL,3.721856655223632,-2.657564726705667,0.01046482093457421,0,157,64,45
GPRASP2,27.21277541283085,-2.1756546735821365,1.4877209384484374e-4,0,203,46,44
NRG2,2.562878924338897,-2.3201689120344757,0.12462366199249521,0,347,138,45
CD1D,154.35325654063894,-8.315780938483389,7.390251976741387e-47,1,30,47,45
SPATA2,649.4572383049159,-1.4531744253555832,0.0012323746974664102,1,414,183,149
PFKFB1,15.070076555869223,1.3383851158106903,0.046412055595808556,0,141,64,74
NPM2,2.4749829507564693,1.595768421203762,0.26060915041439253,0,93,64,45
IGF2BP1,1.2483624346400963,3.4098337260787055,0.03937727304233893,0,66,5,10
TUBBP5,13.20461657197222,-0.3135568413496005,0.7002322013320439,0,233,55,84
TCHH,2.513557639198133,5.161011243031125,9.211658541446451e-4,0,312,127,62
TPPP3,0.8205825369516435,-3.999849383047524,0.02237300627552051,0,8,48,46
AGRP,3.750153009524703,1.1143260544187221,0.38720777415777186,0,8,48,46
FAM131B,1.983034702951071,2.299343147241151,0.11719725518379284,0,127,55,56
ARHGAP35,855.8919177094411,0.5530144067133741,0.33737482644605576,1,78,77,68
FNDC5,9.294417239727515,-1.631976304598422,0.09552198872366462,0,118,83,76
RSPH1,42.01020321801189,-1.9393627899760697,0.010706533254146737,0,131,94,45
CRYAA,0.5848817098741215,-1.9576647116552772,0.3031516536536517,0,25,55,46
FTCD,0.7842621351789663,-0.7907190494009495,0.6956369246736371,0,24,47,45
CYP3A7,5.26684616815208,-0.08982023634272766,0.9578465346787999,0,22,47,45
TBC1D3G,320.7708810472798,-1.0722333778146573,0.05268031985900547,1,8,48,46
ALOX15,4.718742168269716,-0.9421787486289447,0.456149562431812,0,8,48,46
TREML1,6.8897880707054355,-5.4044794785330845,6.387462951304754e-6,0,98,47,45
BCL6B,6.244110481143384,-2.021273920652697,0.018379941732941378,0,170,92,45
MEIOB,1.6780140007319901,-1.9914442354896087,0.1810590279421754,0,32,61,45
BEND5,89.68351097764075,-1.3292978618504983,0.04537527350642448,1,25,55,46
PRKAA2,0.7767390846099623,2.0105954796839955,0.27124306508525825,0,198,107,45
ZSWIM5,12.917720506400213,-2.7306314380011414,0.0015503334493570668,0,271,98,55
UBXN10,4.09796112714145,-0.7378344437653754,0.4942157182776371,0,139,47,62
NEXN,7.020543101122534,-2.3550509215380067,0.008456154985679202,0,93,64,45
SNX7,1.2893715815323619,3.4666758973365224,0.043097252501299844,0,114,47,45
WDR63,1.4257526967264202,0.22951838840601238,0.9014781202778326,0,30,64,45
VANGL2,2.3145119963498755,-1.328772505364039,0.34535601290133267,0,94,55,56
AXDND1,6.083983792297137,-1.8637794482627374,0.0723055902838774,0,98,64,55
FRZB,208.85940100059645,4.005073767674984,5.91423638427329e-4,0,150,47,55
DUSP19,15.023296366584189,4.443722110527894,1.4863641668519389e-6,0,259,100,45
VSNL1,0.8780137110257873,0.09813524497522488,0.9665427397515208,0,98,47,55
TEKT4,2.0047893051867454,2.2098154809551542,0.10699852817299861,0,103,47,45
IHH,1.0777460631568425,-0.3626669368402267,0.8424251393024221,0,8,48,46
EOMES,1.8535886685625553,-0.6382889815276935,0.7376274734485416,0,169,103,45
NFASC,6.117148572707186,0.10219285491452935,0.9188311979436385,0,24,47,45
ALB,1.634010321236306,-0.6947019191824466,0.6895810052510765,0,114,64,45
CCDC158,0.6173658983344847,1.3484737404247495,0.49201778469168045,0,98,70,45
SLC6A20,0.7514088144770446,-1.5523403487295129,0.4125030997014369,0,8,48,46
GRIK3,21.596783570714443,-8.816455282345997,4.6181908531367156e-11,1,8,48,46
CCDC37,1.8472188142487032,-0.9129369200258403,0.5300599622133751,0,8,48,46
INTU,1.4541582190738358,0.9482390027264245,0.589831711218542,0,177,64,62
PRSS12,5.448580892272896,2.4811113732611783,0.015003551140927883,0,199,98,62
ASB5,0.4882808576563574,0,1,0,24,47,45
FAM198B,0.7614685055352358,-2.738075170110499,0.12422211849137675,0,118,47,45
HHIP,0.9350880449497858,-1.7663605772292914,0.3538336316461582,0,98,47,55
SLC45A2,1.7374096028185413,-1.7755090794626534,0.19495814289920782,0,24,47,45
ENPP6,20.72373501013707,5.664770876774753,5.210479101470329e-7,0,276,89,55
EBF1,1359.9392075414607,-3.7770955193232476,8.925078497649601e-27,1,150,92,45
KLKB1,8.449230420674912,0.16101138417615168,0.8951827677205478,0,30,64,45
TBX20,0.4886677322042397,2.4943572854735656,0.1627147298277887,0,167,45,43
KIF6,4.591143532239753,2.29556797034665,0.1419350275949044,0,137,92,45
FNDC1,0.5540181932713371,-1.671931999055071,0.3758752963783557,0,24,47,45
TMEM74,6.334002942300938,3.841582891154983,0.0012655810274828125,0,201,116,45
CA3,3.0745434838250447,-2.30088899909883,0.07107451510978974,0,8,48,46
TMEM67,53.33743105925126,0.9282084027469704,0.09423618281683778,1,310,137,85
C9orf24,1.6375556732309715,0.4067858914569595,0.8125723564813132,0,24,47,45
ABCA1,924.7636156278293,-3.552791395267995,4.5813650434602574e-12,1,50,12,15
CXorf58,2.7461844506174415,2.841158696528118,0.06097708157038812,0,25,55,46
TSHR,175.72187151517727,6.0702050371644924,2.6726306566941708e-15,1,43,4,9
CFL2,1125.8145369412728,-3.1284424611416872,2.2249575825572488e-10,1,42,29,25
DACT1,27.279488827365036,-5.343081213821225,1.4457210446720656e-8,1,126,47,45
BEND7,2.53222140257266,-1.8678536304828681,0.1821685216155267,0,269,107,62
AK8,15.56997121259776,-3.7293862263274526,1.7243663700498488e-4,0,25,55,56
SLC39A2,2.1310271097928624,-1.33355128420169,0.40853604122837717,0,24,47,45
BTNL9,119.76577436963726,-3.432259667727378,0.0049034272135146245,1,219,47,45
FAM194B,14.541362982071627,-2.583088271762516,2.353240097559247e-4,0,8,48,46
JAM3,724.9146116078771,-4.048728936847267,2.0919192550956846e-18,1,361,159,93
GLB1L3,10.53226349181093,4.466250386242578,6.543732914009533e-7,0,133,83,62
AMN,27.850510067414376,-3.5830939620188538,2.640414197619312e-13,1,118,64,45
APBB1,245.80137231357827,-1.9117963613100057,3.9578623852373595e-9,1,290,94,76
RIMKLB,282.371004108072,-2.686736470929773,1.499866319860648e-5,1,290,146,45
NGFRAP1,17.902625386320157,0.7178603504227571,0.3199156993886935,0,45,17,3
ACSM1,25.55146370348421,-7.2680974341565845,9.448203003839307e-14,1,30,47,45
MYO1A,10.322769888299835,0.995190400398508,0.1556322517064312,0,30,47,45
MAP1A,7.606034681020045,-0.20360601287255567,0.8474673308614242,0,180,102,80
ISLR2,1.0919081792982117,1.3637181205292461,0.46832002461239985,0,30,47,45
GOLGA6C,4.063971715298807,-2.2286665439972313,0.10589145736160234,0,107,55,63
LOXHD1,0.7297718380642585,0.16655224460722978,0.9431994779024175,0,103,47,55
KATNAL2,21.777122671637695,-1.1003559048406244,0.13632669851817966,0,305,64,85
ZNF180,312.4451758378247,-0.4074675347666452,0.2672438211057082,1,382,179,145
CYP2S1,0.6612682720353363,-2.2769563449349253,0.22429337915140093,0,8,48,46
NXN,16.520204126075352,0.790577791830022,0.40224510244848966,0,327,89,102
SOAT2,1.1682032081705638,-0.7576681154296343,0.6782023662914355,0,263,120,45
ABCA3,93.3262927188913,0.9636915187230961,0.03638339845162956,1,416,144,140
KIF5C,90.9838732567781,1.269290561935155,0.11206948099829407,1,267,109,45
SCN11A,7.373795773102139,-0.8605152159353302,0.32525846726022195,0,30,64,45
KLHL30,1.1278877035678314,-4.215350284465564,0.012600562812774552,0,8,48,46
TNXB,54.4655799557636,-3.660595729959058,3.498653895637845e-15,1,31,55,46
DYNLRB2,3.876272149853006,0.3539651762461481,0.8274397581591004,0,94,55,46
ZNF30,63.64414211152051,2.7857553316050474,5.529965993155441e-12,1,265,104,85
PPIC,1.2074192258066696,3.063376055092065,0.06932003364114106,0,343,151,45
ATF5,2356.073478034923,2.958814326180181,1.8696658921301228e-16,1,73,36,29
CPT1C,14.128002233604562,1.168904927509673,0.4088443218695973,0,109,46,44
PTK2,253.65027175385114,-4.229624984444087,4.152553344375277e-39,1,221,108,55
RSPH10B2,7.856689626207716,-0.9965571890495315,0.2846482647378957,0,8,48,46
ZEB2,745.1475675859848,-2.980190692561079,2.6360886387858907e-19,1,332,55,56
CHRNA5,29.532820122849355,3.9569038536242718,2.113579450212321e-10,1,77,37,22
ITGAM,293.5609031357455,-2.2639178725231908,8.584158423496507e-9,1,139,94,80
OTUD3,538.0892197987179,-1.0676675592675287,0.007773134665150736,1,35,34,35
FAM153A,7.539321846845032,-1.462147957554949,0.2102055253210708,0,30,47,45
ZNF778,145.00061194482134,0.8953562022455585,0.021872227348923877,1,352,166,130
FOXD4,13.799186713638093,3.8195204584599387,0.0022364110235993918,0,172,98,45
ANKK1,12.410550657191946,-5.178470945278488,1.5429863684267413e-8,0,31,55,46
HSD17B13,16.52677641218484,-5.20146188124496,3.1448689950261036e-10,0,142,64,62
SERPINB9,1727.0203910638872,-2.3141581308613612,4.796570045346088e-6,1,36,10,11
SLC26A5,5.681302507209068,-1.6282135303482286,0.07883221549688058,0,97,47,54
KIF5B,4860.264814609933,-0.9128864016488437,0.0029863381678378394,1,90,80,71
LMOD2,9.746813780905024,-5.452293889009484,3.405403407773003e-8,0,8,48,46
LILRP2,0.6741609931297812,2.701721215948486,0.1373172619395863,0,153,70,45
GRIK1,10.87542992824804,-1.6828180302379632,0.09768708599544901,0,23,55,56
C10orf35,2.8702206567560635,-0.2553657304003627,0.8763042950680249,0,297,150,45
LURAP1,1.0503419299577432,-1.3984237571001183,0.404452705086673,0,93,64,45
MAP1LC3B2,330.97452227136085,-0.062310068568492645,0.896608637444359,1,169,92,76
LGALS4,11.079673766000804,-3.382807822538507,5.835971717243775e-7,0,8,48,46
FRMD5,14.170645138629679,0.8577130939365731,0.2595414591048727,0,265,106,45
SYNPO,237.4539236214684,-4.035799250599659,1.2311024387167478e-18,1,377,64,55
SLC9C1,3.6652908946817346,-0.5590976109943026,0.694662902617848,0,114,70,45
CXCR6,7.1235808896289345,-2.6677638507699344,0.0012070320376951975,0,8,48,46
ACOT12,0.6081659475225898,-1.417487980025565,0.4717644273167544,0,8,48,46
ADH6,4.458923790912365,-1.815721370480586,0.10052835470908549,0,30,47,45
LRRN3,1.5032518777123292,-0.712708968367853,0.7076368777884857,0,98,69,45
ABCD2,408.19831530592523,3.453650529498225,8.396645339183998e-25,1,396,181,147
KCNK7,17.816924420522067,-3.502252160164852,9.701138979795785e-6,0,110,83,62
CCDC36,4.404305902828432,-4.97018329054138,1.303553501097445e-4,0,8,48,46
HEG1,813.4324967175812,0.33991150620487975,0.67327848818924,1,368,169,139
TCAP,54.60190548279782,-3.778700620702469,1.1092216298109217e-15,1,117,55,56
FAM53A,13.692541117325414,-0.9342413540801954,0.44092682875231803,0,103,47,55
CHRNA9,3.5270398902957996,-1.887020947208735,0.059262865700986635,0,25,55,46
C11orf45,1.2803216279981788,-0.7595228403167146,0.6727198829795094,0,155,83,76
GTF2IRD2B,701.1549880195739,-2.717808508080827,2.3841705837174624e-17,1,280,148,124
STARD6,2.394431790463001,4.025063827187341,0.007378904520159145,0,8,48,46
ZCCHC12,0.5718875080133011,-3.1073674061188044,0.08548086382186253,0,8,48,46
TTC9B,9.706041260844275,-4.5179384723051745,2.4515848018604083e-8,0,24,47,45
RIN1,9.586494247026462,0.7951336120479675,0.36630551832299335,0,25,55,46
CNIH2,25.826329206664443,-4.352790402165634,1.7007365848196097e-15,1,158,95,74
CATSPERD,2.0974463762953173,-5.182371721419161,7.126769434709426e-4,0,8,48,46
KLC2,711.618386040133,-1.0128092322111062,0.001101874249974414,1,57,43,41
CTBP2,52.14192026078719,2.139356569283041,5.725607631928016e-5,1,326,99,74
CADM2,5.542611627169204,-0.5897143948135937,0.7465705448248355,0,152,47,45
PPM1E,1.5361810744225508,0.9597145261085871,0.5525977793740883,0,187,82,75
VWA3A,7.09951474219513,-1.9032899424524146,0.0414029029103192,0,103,83,45
CCNE2,152.89613373350073,3.38355238417663,2.3424962106334957e-16,1,65,33,30
GPR156,10.637204148195398,-2.9169109515323757,3.5577180778337226e-4,0,103,64,45
YES1,98.03306952209044,1.192428257901893,0.029887132198133378,1,39,28,27
GPX2,5.526614330391053,-1.448509756450006,0.25680235278319585,0,13,47,45
C10orf111,3.8867591351072863,-3.005648081543515,0.037410311632221305,0,93,64,45
PHLDB3,227.06661068433127,-2.2712604903073,2.68719979975108e-15,1,274,125,97
KBTBD11,9.072893968898985,-0.7917093521057165,0.39855509792290805,0,334,47,74
PFN4,5.678616568359946,0.6416192144446649,0.6086820371292653,0,30,64,45
PNMA1,456.63491680005467,-0.17707143301499725,0.6471412451450305,1,394,142,104
B3GNT8,1.7522613531919662,-0.890518385362924,0.5827862895292668,0,30,47,45
HIC1,14.624722442179262,2.5268717532786367,4.913355705236659e-4,0,139,94,55
MBOAT4,2.9125807936467236,-4.652125223877943,4.8634199098670605e-4,0,8,48,46
FAM20C,0.921692881230181,-3.2195024755776216,0.07481195655926559,0,8,48,46
PCDHB9,2.634027554411523,-1.8192827890325296,0.21867433772721356,0,131,70,45
C12orf68,2.666267681824607,-0.33549018601273406,0.8346099435878593,0,99,55,46
DPY19L2,2.3968272450039896,-0.4424078425029602,0.7472149405859816,0,276,135,55
VN1R1,3.915974736068626,-2.6457213163385864,0.023565414034567866,0,144,102,91
GALNT11,290.76283750395373,-0.2315632249865916,0.5408089494047437,1,398,135,80
KCNG2,1.590941294607183,-2.3589700803118414,0.1273155367893297,0,8,48,46
ZNF713,24.373584303498813,-1.093399697014795,0.08467540991019051,0,221,108,98
LINC00086,1.3932726907368334,-4.867243863155777,0.003460040947207612,0,8,48,46
GGN,6.174365712874101,-1.7589887919521598,0.12462037374997491,0,24,47,45
LDLRAD3,1.3825897913824903,0.025640662654623836,0.993665647806828,0,321,150,132
HMGN2P46,12.331531992743384,0.686913133215073,0.3467260922251858,0,8,48,46
TMEM31,1.816264953885284,0.9719213624755334,0.5485879953525069,0,122,47,45
C1orf101,14.976429648694532,-2.19677419457673,0.012506765082318627,0,126,64,45
ZBTB18,1748.0119799465479,-4.116680460828899,1.3403359722690016e-43,1,55,40,39
ATP8B5P,30.803742507468208,0.2379494482796032,0.6585538927764585,0,110,83,55
LINC00652,4.824802952976846,0.796842588342769,0.5219330285741403,0,93,62,45
CSNK1A1L,0.7553839664963116,-1.0967891330422055,0.5790882338797929,0,8,48,46
GLIPR1L2,2.669294804576725,0.8468687652712782,0.5322374753773412,0,126,47,45
TSPYL5,148.504946284352,-0.21549272356448426,0.7998089537776217,1,52,1,1
SLC47A2,2.0314902632298644,2.589936748002321,0.11076744704037168,0,25,55,46
CHRM4,21.460806584872312,-5.963653856054573,1.0554430136536557e-14,1,8,48,46
PIPSL,45.59508308362082,1.1610808183187593,0.06579417985613523,1,186,103,94
GREM2,0.9682586073265675,1.9039922117947596,0.2911189732013409,0,155,95,55
SLC25A41,16.81057515628348,1.9658535045484995,0.019063154996555816,0,30,47,45
CTAGE10P,0.533266988440207,1.757835208531278,0.3537856183848752,0,8,48,46
UTS2R,8.48362528808551,3.1796330931522205,0.006025843664917953,0,399,99,94
ANKRD62,0.9111747695428353,-3.6604918798207784,0.04015195494624105,0,8,48,46
FAM153B,4.159385530868979,-1.729687257232674,0.11720962554431083,0,30,47,45
DCAF4L1,31.4031672196375,-1.1894403025297193,0.045868243989709845,1,183,98,88
FES,94.91253679487419,0.7060334188534712,0.42009606429500695,1,296,92,74
RNASE10,4.449001544510408,-1.1369494924542727,0.3403344074666152,0,24,47,45
EPHB3,0.812964479639684,2.749791779933814,0.12373469547049604,0,98,64,45
TSPAN10,4.674769800024062,1.9896075647304672,0.10080955991809906,0,8,48,46
CCDC87,3.0082889733860823,1.2054284550105523,0.37385017330211895,0,94,55,46
C1orf116,15.685013530819806,-4.126899810266085,5.2285736785500185e-11,0,114,47,55
MAGEB17,0.6256592752868008,-1.2542328142560055,0.5292633381203067,0,30,64,45
LCK,164.21292258961353,1.0004125394899175,0.0606680111576928,1,150,64,45
RGS7,14.632908175592034,-7.3824498189494605,8.683573644570055e-11,0,94,55,46
SLC25A18,6.7185692771864955,1.0149101638340425,0.30098952995050626,0,126,92,45
FAM133CP,2.9660673864363516,-1.7197243013680283,0.19524217756368964,0,8,48,46
WBP2NL,23.006956054089386,0.3963155398831342,0.4894622678800303,0,143,55,46
NEB,273.6714052033652,-2.6790825013215884,7.614770287569596e-6,1,385,109,88
CALHM3,0.7912535314484422,2.027034660861557,0.2669347956028162,0,25,55,46
GPR19,108.18679379868345,4.474169959638608,9.746533188419638e-20,1,220,115,82
GTF2H2C,1118.7867589709442,1.3240014214267866,0.0016385767885814526,1,214,124,107
RP1L1,12.931258880204025,-2.584419148727019,0.004160192137710178,0,103,70,45
FAM101B,827.0884742847701,4.067833390049004,1.4388011628392549e-12,1,80,7,3
EFHC2,3.488179492509645,-1.5244352267613,0.21754499199689084,0,166,55,46
KCTD16,3.3790779302838008,2.30541223453695,0.048426683941027206,0,25,55,46
ANKRD45,0.6790099149985146,-1.9046725695739448,0.31100979055949113,0,103,64,55
ST6GALNAC3,36.13446152613964,-0.9021563506273657,0.37819626566457953,1,144,83,45
CLDN5,1.4244900389459376,-1.4683547621492612,0.3293504583310406,0,8,48,46
ACOT1,147.3156696901494,0.01579041264027166,0.9866596424339187,1,126,47,45
HIST2H2AB,1.5287208846776046,0.058529437923082406,0.976850983631549,0,98,47,45
POU6F1,392.8505011064051,-3.382565720480575,2.4338736178514124e-43,1,358,154,76
HIST1H1B,6.75984500816326,2.6651597827206626,0.005557011219650976,0,103,47,45
SPATA32,10.157212273013089,-2.090230148652174,0.02541241047265426,0,25,55,46
POU3F2,0.6622583845637731,-1.3746336346416108,0.4857333904265348,0,367,140,91
PROS1,4.7489223744954705,0.7002778155418833,0.623724133768303,0,227,134,45
TCTE3,6.954386454512519,-0.846788966062156,0.4138783865099887,0,25,55,56
OSBP2,111.58024566959608,0.8947314053235393,0.09206306092714057,0,285,98,62
NUTM2A,137.11388919893832,-2.4065473899719314,1.122676506498637e-8,1,139,95,82
MUC6,2.432073697500128,-1.9547932092231437,0.110664051618389,0,24,47,45
CA13,62.67535939675103,1.5990651480949822,0.004515926362250916,0,198,106,96
C5orf47,3.4506767107530836,0.8406865932196059,0.6490543549513028,0,24,47,45
FAF1,1327.6446991483792,0.8874240407788792,0.002035767781314407,1,51,11,3
MYADML2,1.4372062898972289,1.4868115825743102,0.3651713573768521,0,339,47,62
PPIL6,4.075735712752747,-3.1936541106288483,0.005353533334845948,0,121,83,45
C1orf227,2.948157411173836,0.9747751825391142,0.4832037013521896,0,93,47,45
PDE6G,8.52935544129859,-0.345574641277029,0.7003617106269705,0,8,48,46
OLFML2A,6.700239113879034,-0.7480087831766947,0.5252721003583838,0,197,47,45
SYN3,1.011668536555034,-1.0438800433194422,0.5628797586346459,0,25,55,46
LYG2,3.0248730854410395,-1.1353502619264406,0.4750723736751455,0,8,48,46
ADARB2,0.6384439299666306,-0.5249294988530405,0.8040325342049918,0,255,47,45
KLHL34,2.625444917516378,2.0858867668240078,0.11597078424416375,0,8,48,46
DLEU7,1.1717260653478,-4.288776754200911,0.010188104263966203,0,130,46,44
TAL2,3.3664182518963206,-1.3337062381067284,0.24908637075277837,0,103,47,45
NAP1L3,2.5359904178799217,-1.4045468336209552,0.3535852936586554,0,296,132,45
CCDC30,26.547463908420355,-0.897023131795603,0.2106352026914444,0,114,89,74
FCAR,2.470196227601948,-4.47668081687531,0.0018585313688828902,0,24,47,45
ZNF396,40.42941124490173,0.7063202659850841,0.3655413658525621,0,137,64,55
TNFRSF4,7.076764156185289,-3.357373316892621,5.340955254471488e-4,0,30,47,45
TMEM232,12.563409095337956,2.1793262648479885,0.012188922634220204,0,149,83,76
TMPRSS6,15.20677880449898,-1.345533367008897,0.0488050493182592,0,8,48,46
SPATA21,4.4745591230317965,-4.9052504991959625,2.730996039466666e-5,0,8,48,46
MAGED4B,25.85462944417127,-1.5019412746601288,0.30983828194331625,0,6,48,46
TLR5,1.1519994843645787,0.030021858489118404,0.9940696913090505,0,113,55,46
FOXD4L3,6.890312871956483,-0.0015841497383942322,1,0,24,47,45
ERAS,0.589119892946943,-0.7754280591946028,0.7094730377225255,0,24,47,45
LDLRAD2,18.035393339434464,-1.2604511918359802,0.13550201840375783,0,28,47,45
C2orf66,2.8857559507240795,-1.6591455075582084,0.2595414591048727,0,8,48,46
DNER,0.7583556565537506,0,1,0,148,100,45
COL4A5,4.040689793604301,1.4119027394092474,0.43418757154928245,0,195,99,45
HEPACAM2,4.395294076029289,1.0195149250046427,0.5026238556414058,0,130,46,44
ENO4,1.041998694089991,-1.3981791393345209,0.42134157832825875,0,103,70,62
SLC24A5,13.677222299785674,-3.1887551892265833,4.7569962902727704e-7,0,129,63,44
COL25A1,0.8285979948905289,-2.2494232230150386,0.20562994147194055,0,365,167,45
FBLL1,2.110224323701236,1.796542996988018,0.2873091734476881,0,103,47,45
LDOC1L,95.40803155534498,0.025188073272418968,0.9727768163792714,1,38,3,7
CC2D2B,6.849919028397997,-3.0133996724394514,0.006843490354342597,0,100,47,45
QRFP,0.8514012929924133,-0.09439535054020334,0.9675501327741179,0,8,48,46
TMCO2,1.0238151882447828,-0.7599485735633786,0.6956219107100001,0,8,48,46
HMX2,4.878427494074196,5.008949958485974,6.113398084547728e-4,0,153,47,45
FAM78B,4.210094330511879,2.9098468134956144,0.006978886748666828,0,237,99,74
LRRK2,801.6588327617773,-4.338438708242917,2.937912092178316e-15,1,126,47,55
MSANTD1,21.646357926596753,-2.8679402348618823,1.3933509136814022e-6,1,182,55,63
ZAR1L,6.1133469536150065,1.3412801710099649,0.2108566277555609,0,25,55,46
DPY19L2P1,1.5719070621875355,-1.0826333614370631,0.5534336389838019,0,262,64,62
KIF19,16.016046841581122,-1.4531222282307232,0.2407643970708188,0,30,47,45
GREB1,29.195960951014484,3.839108708150643,1.383849506893066e-5,0,409,164,131
SRGAP3,66.60756295812301,-2.4852087206539957,3.332968229513653e-4,0,158,99,74
SUPT3H,160.23776162582593,0.8691579700422742,0.03335541873787639,1,417,170,143
EVL,1225.6144401497518,-1.6604722060209987,1.5192916151884327e-5,1,395,98,45
ZNF605,209.80506921773036,-0.37960762684793453,0.5064084766733652,1,380,177,142
TPK1,331.52812801562226,0.027922763780244737,0.9545957839700994,1,328,152,121
ZNF846,54.62419781376209,-0.5059382258142371,0.4032024746574948,1,146,47,55
WNK3,5.92354227488726,-0.9654732294687051,0.4236129878559811,0,331,92,76
CHRNG,3.4873270317702936,-0.4333407204250373,0.7482369140577704,0,8,48,46
PATE2,0.44164088393541495,0.6829307352305622,0.7457691910951793,0,103,47,55
ZFP28,36.183466798016866,0.010769763078170196,0.9967579058156893,0,299,47,76
RPS26P11,354.00303091928146,-0.6910016496985887,0.38546087624775016,1,8,48,46
SRGAP1,3.7646101174029143,-0.8814132231788455,0.40015203852430586,0,222,120,55
ZSCAN5B,0.8705436531486355,2.3483604990740203,0.18267249601870414,0,8,48,46
SERPINA1,7.664880698614608,-6.351168676272189,3.857524278716738e-7,0,98,47,45
OGDHL,3.601792441613429,2.2216144782740415,0.10963369452899148,0,314,92,62
FAM177B,20.169727437185653,-2.811452383310974,0.00119329602185341,0,8,48,46
GZMM,6.491230245838132,-4.702781546433575,6.332994183539466e-4,0,8,48,46
ZNF433,32.888601298512214,-3.6047672406336786,2.912884884493243e-18,1,31,55,56
HIST1H2BE,3.1997445771455846,3.382546621655177,0.029928619868893672,0,8,48,46
HSPB9,2.6673343298574976,-2.111653709147597,0.07362896070808084,0,31,55,46
WDR96,5.541252502107386,-0.9674849828366455,0.3322979664479908,0,114,64,55
CCDC180,47.74005147321016,-1.1755414455661415,0.20804741781838784,0,206,52,47
SLC22A20,6.239527722773392,0.705719147850542,0.5107090003105796,0,24,47,45
MEIG1,7.475256599332231,3.7639720085698536,6.709304774726333e-4,0,114,70,74
ZNF311,6.298166515733843,5.21246700426971,6.738533952399813e-5,0,127,55,46
AKAP17A,3719.2851125555458,-1.327493985710338,7.44588174643776e-5,1,93,47,45
PEG3,4.249810972155192,3.194195528118179,0.028440195560841684,0,375,47,82
FAM109A,52.991727256449835,-0.37649913872089086,0.4716626858041196,0,254,143,123
MYL4,11.454025365049585,2.491375100553801,0.08909971796105998,0,31,55,46
HOXC4,10.27814714883312,0.24082162955284067,0.8094725947123362,0,141,47,62
TPTE2P3,3.701060290340663,4.589295327283028,0.001752973534950957,0,174,70,45
NTRK1,3.1762668706781247,0.6972643951811589,0.6685994467642727,0,169,47,53
C20orf203,4.884089134018716,-2.18252250380587,0.0506804082075748,0,159,55,46
KCNRG,7.120787055900891,-2.79564984564464,5.948169457794112e-4,0,119,68,45
SH2D1B,2.1360833312672907,-4.591444538861326,0.006039412555552565,0,94,55,46
TAT,2.04978704299499,-0.21123767726441323,0.9100781626553133,0,8,48,46
FAM19A2,21.99548791674082,-0.13529965695444418,0.8531163689151033,0,137,70,74
TUSC1,6.1737252303802705,0.7669067225276134,0.5592838535218226,0,321,127,45
GATSL2,80.27435525479024,-0.8248163373898818,0.09152178394393197,0,324,150,133
COLGALT2,21.316804788550094,4.440704213616,3.390756230075821e-8,0,386,140,83
ALPK2,0.8476888497971777,2.066397835921111,0.25403346750340466,0,67,3,14
PAX9,0.4737659596564283,2.562002854951229,0.1619943765852243,0,213,47,45
CD247,28.917698354872392,-2.7399887450997897,0.0024499498444829895,1,193,109,91
MIR4461,1.3597504354986352,-2.218413152256962,0.1681286114731306,0,8,48,46
PNMA5,4.831545170507101,-2.8456341790840374,0.01385407247043933,0,8,48,46
BHLHB9,47.219271188441176,0.30863454779860355,0.6276699173445293,0,320,55,56
GPRASP1,307.47877882342397,-6.410120567398499,3.1395948208492612e-34,1,142,47,45
MFAP3L,15.792546021433877,-2.800170723704911,5.647662877365815e-5,0,376,159,55
SNORA71D,1.66644588563119,-0.47093661791253166,0.7724800231736964,0,8,48,46
SNORA71C,17.273595662376632,-1.4223792115198861,0.1042491124281994,0,8,48,46
SNORA5C,15.459139879859585,-0.9090207453600707,0.2853861734944751,0,31,57,59
SNORA23,2.493494432697055,1.515974280502123,0.23934583584553065,0,25,55,46
C6orf99,15.461563882885017,2.83439887488797,5.69246738505208e-4,0,131,83,55
LINC00862,2.6758887058858245,-0.6938965345053529,0.6428487313922144,0,8,48,46
FANK1,2.2424789822228526,0.4459370913752937,0.7839416150637505,0,109,46,44
RBM20,1.2317873265797317,0.7366380604695271,0.6901070569967419,0,8,48,46
C6orf164,6.899821322482277,-1.5338429652362973,0.08088898815902833,0,103,64,62
LRRC73,0.897545692658102,-0.8174368281129796,0.6573791478808386,0,8,48,46
COL5A2,39.26841590127798,-0.39972958816124454,0.5335174875874226,0,247,131,102
COL15A1,1.8529374108191428,2.81485987169221,0.0553150492514051,0,103,47,55
ZNF425,50.62538402790086,0.959782882785175,0.09515458527439499,0,291,140,109
PCDHGA1,4.035053093324423,3.3606471446104673,0.019993313934776515,0,15,48,46
CCNI2,7.1829933552139185,-0.17753061692511116,0.8821674121342635,0,329,103,96
FAM205A,0.8829541590847138,0.5197763181577149,0.8092945151756019,0,8,48,46
SCGB2B2,8.7774514876297,-1.250628215622378,0.11152001557501047,0,8,48,46
MFSD2B,32.771299158158236,1.5204035642619727,0.00265364208652823,1,110,64,62
SNORA50,6.866414672933326,-3.567542149242167,1.556052450572025e-5,0,8,48,46
SNORA15,2.811699026872616,-1.2518458093037577,0.3702036260284992,0,8,48,46
SNORD15B,10.574200146656171,-1.0589453606572106,0.2757858157696086,0,24,47,45
SNORD94,12.139033122665664,-2.473027589595045,0.005607722743933797,0,8,48,46
DIO1,7.342849352524013,-2.1317783319482952,0.0044941060933198764,0,25,55,46
TAS2R50,0.4812124724967159,0.7201252295203018,0.7268188221586812,0,8,48,46
SNORA74B,1.7288329186005964,0.1495714905819731,0.9361694088989486,0,24,47,45
SNORA53,13.691121339310003,-3.365163503925001,7.049040249543159e-6,0,98,47,45
SNORA26,21.24024834151748,-1.220568850281774,0.15289786710080128,0,8,48,46
GIMAP1,12.826986499438414,-4.718335326419744,4.41690408517205e-8,0,106,47,45
C6orf165,6.498411087880191,-1.0206766845998614,0.34524846835279627,0,98,64,45
PTPRCAP,3686.0709928251194,-0.013095176699253655,0.9701949609805656,1,60,4,6
FAM209B,28.956978815788844,-3.9950481408250917,5.372795324384874e-14,1,118,70,45
LEUTX,0.7728330567179955,2.927927800009809,0.10689837190439944,0,98,47,45
NUDT19,381.50930435283004,0.9873795894562994,0.012245352220950087,1,45,39,38
PRCD,13.820758170135598,-2.369374592636738,0.004185875621091453,0,8,48,46
CPEB1,3.2710275307236047,-0.3910799771366482,0.783638818963031,0,278,47,45
C10orf105,1.4168544730055797,-1.4721113264010566,0.41659281897670586,0,108,47,45
ARHGEF33,2.8503282323071275,1.2724557477396938,0.3647577481889456,0,24,47,45
TTC3P1,82.28158456134796,-1.7167463644514942,1.0420759233663081e-5,1,244,94,96
LINC00598,2.078610004354739,1.099186973817804,0.46831431690076597,0,31,55,46
PDZK1P1,57.25251155074252,0.09061375793496051,0.9182644106925308,0,223,119,100
NBPF7,0.6342089267686263,0.21720479087595854,0.921798342840446,0,144,95,83
TENM3,0.680971970173711,0,1,0,61,26,4
NBPF1,743.2247760179366,-2.288308400672509,2.1326020418997846e-13,1,34,25,24
SNORA34,13.477046905798591,-3.057399166213173,5.1449444503151844e-5,0,24,47,45
SNORD99,11.632279335768903,-0.8001270960185001,0.3769900599313189,0,8,48,46
FXYD7,20.260074393182027,-4.735670257937766,3.488992984203302e-10,1,8,48,46
C7orf71,2.556509112900741,-1.835816743662256,0.23426166139794666,0,24,47,45
SNORD12B,19.75700303766404,-1.7013923417927355,0.03501406069261245,0,14,48,46
CFL1P1,4.491339325869957,0.25871761772994134,0.8229988255583426,0,24,47,45
OR2L1P,1.9227596257702286,-4.858251886087693,0.004166920644596166,0,8,48,46
RPL19P12,10.574936315134115,-0.7835830239021294,0.32531881383551114,0,104,55,56
ADM5,53.47205843604964,-1.8736520801044088,3.3495420391388653e-4,1,221,126,104
LINC00240,2.8907706421924675,1.161556679775343,0.423573467961109,0,8,48,46
LINC00184,5.08207081829246,1.9331019677767833,0.13541651155899612,0,31,55,46
RFPL1S,1.6606635655462991,-1.656453809683563,0.3289024996077884,0,8,48,46
TREML5P,0.8873593293879506,0.7441983513273167,0.7161715782495183,0,8,48,46
TEX22,12.000876735106882,1.204911057875528,0.22455229803798885,0,114,64,45
KIAA0125,3775.4361111948474,0.1228672779599508,0.8347591564518584,1,64,2,2
LTB,938.6680572215918,-3.5429854226676363,9.981594111120434e-11,1,412,95,114
MIR3916,1471.9268442238822,-0.9317761387879318,0.11785546557989868,1,93,47,45
NACAP1,9.802230208972142,-1.2332873871999877,0.07779102526560816,0,103,70,55
RPL21P44,1.9455690678538742,-2.2105861086551326,0.13614583025845728,0,31,55,46
EEF1DP3,2.2437551671281057,-2.382406587671685,0.0846684010124392,0,113,55,46
LRRC37A6P,3.420648765910318,-0.095539409372981,0.9559922706919134,0,197,98,83
COL6A4P1,0.713057789737106,-0.7342927155616601,0.7058687982278266,0,109,46,44
LINC00271,2.1573092518401427,-1.1547076111063703,0.4154700363649529,0,8,48,46
OR5K2,1.3007502868520007,-0.28271220234356487,0.889441948635583,0,8,48,46
HOTAIRM1,42.408441701892755,-1.4313412559374057,0.075111252917947,1,170,98,62
TWIST2,0.45360115208194757,-2.609453975016382,0.14486701207811226,0,8,48,46
FDPSP2,1.828765749444892,-0.10975776495173273,0.9595125930083104,0,106,70,55
RPL13AP6,3.8799816244694294,-1.6393726041383885,0.14741748835391366,0,96,47,45
ANKRD65,1.078809310568843,-0.9961817535773662,0.583488194021439,0,93,47,45
B3GALT4,151.6847403766068,-0.4428913636918905,0.32326104235887854,1,106,47,45
EGOT,5.416199463324623,-3.3361582002939434,8.84481021179945e-4,0,8,48,46
PNMA6C,20.171198777730282,2.140654126746869,0.0013559964180379423,0,106,47,55
LINC00421,0.6695899737114059,1.3736488987986963,0.48271461721780523,0,24,47,45
PYY2,8.290059386711786,-0.20813480840079887,0.854556493731605,0,30,64,45
ANKRD26P3,1.6759725273533936,-0.5687626185023269,0.7664801221786428,0,93,47,45
UQCRBP1,53.319203559835124,-0.946990846589385,0.10609224143130623,1,118,64,62
SCARNA18,1.7143120218163215,-1.7587277276716873,0.2560278017665235,0,8,48,46
SNORA47,0.6702331637909956,0.2197659186629501,0.9222634006637717,0,8,48,46
AQP1,2.502553851873175,0.5558607725563277,0.6837985377904171,0,99,55,56
PNMA2,2.060016698165573,-1.6192134801884965,0.2954280800272681,0,174,89,55
PCDHGC5,1.7695736591036482,-2.850712769208772,0.09662729561440242,0,21,47,45
ARHGEF25,1.9867185265902056,2.395900843909915,0.1378073320989644,0,359,157,112
TBC1D3H,176.9468780320173,-1.0935842569744845,0.04011852993869951,1,8,48,46
INGX,0.6582571342820174,-0.4113395557920431,0.8469042323645761,0,10,48,46
WDR65,17.840568131131548,5.062944388229175,3.97424490815735e-8,0,12,48,46
TUBA4B,32.28927307786379,-0.14850530760384315,0.8112104748690502,0,24,47,45
SCARNA22,5.501332208010321,2.3948590948959976,0.021283244317624374,0,140,55,46
PCDHGB6,8.331918735470321,-1.5361504109692832,0.06756686179645909,0,18,48,46
CLDN23,0.4882141852386587,0,1,0,31,55,46
CYP2A6,12.196739863848487,-7.997157916970025,1.652100177081507e-9,0,8,48,46
DYX1C1,0.5168025915269627,-0.09148921588839574,0.9709958880399225,0,105,47,45
TAS2R30,8.393281038107391,-3.478601455944838,3.6691623768389016e-4,0,8,48,46
OR13A1,21.534492014280747,-3.8124873560776216,1.1829881925377742e-5,0,176,47,45
MTRNR2L1,1.0996568756892873,1.105585204304915,0.5777648388502928,0,250,83,85
ZNF878,18.401567623731697,-2.3916800130532563,7.181174653561165e-6,0,110,70,62
MRS2P2,18.79205628970835,-8.459595601642558,1.1778381854712366e-11,1,25,55,56
ASB9P1,5.6954756759163425,1.2469909872157092,0.3964465848861496,0,103,70,55
DCAF13P3,4.026334282151476,-1.403125299980428,0.3075544092131271,0,31,55,56
GH1,25.595089823034098,-6.889181609888471,2.8350327413129447e-15,1,8,48,46
WBP11P1,2.871797045095648,-1.9763388285192307,0.10885637301212843,0,103,70,62
LINC00622,3.838826991259479,3.264150986722068,0.021111984014049415,0,25,55,46
ANKRD26P1,1.7387185178654299,1.1212036824415372,0.5289543573023737,0,8,48,46
UBE2MP1,3.214126063155596,2.0087406993249854,0.12293692435965374,0,146,100,45
TCF24,9.65944572018543,7.133203163672283,2.5438878499491466e-7,0,146,47,45
KRT18P55,0.5150036720228593,0.11742088403226231,0.9617221705193476,0,127,55,46
CYP4F35P,38.55966242538553,-0.3681767327386472,0.7018465825925597,0,131,47,55
EMR4P,1.799522321315737,-3.7477013655394567,0.017574213464041897,0,30,47,45
ZNF818P,12.027609647176204,1.0071978078128205,0.22519403195641102,0,219,47,55
FBXO17,4.291912325664814,3.4554582375401885,0.008674224248963936,0,30,47,45
SPIB,486.81996490193757,-4.481277949822838,1.7157095076501632e-17,1,349,123,117
TERC,4.416730582348284,5.8831013839627975,9.278795186095767e-5,0,99,55,56
HCG17,2.566287310587692,0.6985252103017051,0.6448854712441427,0,171,60,64
